{
  "pressure": {
    "mean": 30.88852404717213,
    "std": 1.8324599353329474
  },
  "temperature": {
    "mean": 20.919671962708275,
    "std": 10.237115307841487
  },
  "delta_pressure": {
    "mean": 0.020647134177260235,
    "std": 0.5609033623462641
  },
  "delta_temp": {
    "mean": 0.006680203301574875,
    "std": 5.666365829320597
  }
}